,Index
2010-01-04,100.0
2010-01-04,100.0
2010-01-05,100.92201724303827
2010-01-06,101.6539623622054
2010-01-07,101.80871692894628
2010-01-08,103.09806485036698
2010-01-11,102.28545026696293
2010-01-12,102.12829190040796
2010-01-13,102.1597959275126
2010-01-14,102.22684079077979
2010-01-15,102.15930230067917
2010-02-09,102.15930230067917
2010-02-10,102.69690994020134
2010-02-11,103.47871213241002
2010-02-12,103.44478575811787
2010-02-16,104.6467082405602
2010-02-17,104.291123361845
2010-02-18,104.60539537797779
2010-02-19,104.83446940777615
2010-02-22,105.06559741145072
2010-02-23,104.54929863101493
2010-03-17,104.54929863101493
2010-03-18,104.67130672150519
2010-03-19,105.27871591320766
2010-03-22,105.32354747921575
2010-03-23,105.66870575845368
2010-03-24,105.61961578994135
2010-03-25,106.11823294965352
2010-03-26,105.90562155433332
2010-03-29,106.23586131245541
2010-03-30,106.33290297079088
2010-04-22,106.33290297079088
2010-04-23,105.56436804960249
2010-04-26,106.01525406523338
2010-04-27,106.35546787032976
2010-04-28,106.8600024452671
2010-04-29,105.43253506637534
2010-04-30,104.55070406948904
2010-05-03,103.27965532899488
2010-05-04,103.2611039404615
2010-05-05,104.6850674813151
2010-05-27,104.6850674813151
2010-05-28,104.54432846313556
2010-06-01,105.64701866692009
2010-06-02,105.24553591326831
2010-06-03,106.08532551151156
2010-06-04,105.40121836490398
2010-06-07,105.29522059271055
2010-06-08,105.33165767036563
2010-06-09,105.89457397539452
2010-06-10,106.83790704238244
2010-07-02,106.83790704238244
2010-07-06,107.09069301066212
2010-07-07,107.84730390089787
2010-07-08,109.35350039124963
2010-07-09,110.28072068821824
2010-07-12,109.266828009367
2010-07-13,110.83169729625027
2010-07-14,110.70407161810581
2010-07-15,110.24546345053089
2010-07-16,109.92967850111748
2010-08-09,109.92967850111748
2010-08-10,109.96829443993471
2010-08-11,109.40872661705565
2010-08-12,109.39773424916255
2010-08-13,109.6524965912395
2010-08-16,109.89159261358735
2010-08-17,109.55174327174785
2010-08-18,109.89531531937763
2010-08-19,109.3074058882293
2010-08-20,109.35467578803089
2010-09-14,109.35467578803089
2010-09-15,110.42695413711829
2010-09-16,110.6023772389441
2010-09-17,110.3595154955376
2010-09-20,110.34887224502926
2010-09-21,110.10181388967514
2010-09-22,111.45922479920104
2010-09-23,111.57185884784423
2010-09-24,112.15895631545744
2010-09-27,111.42467601503877
2010-10-19,111.42467601503877
2010-10-20,111.18717513252149
2010-10-21,110.94325454555963
2010-10-22,111.21176618013085
2010-10-25,111.20179543837202
2010-10-26,111.54248232356889
2010-10-27,111.04563922246469
2010-10-28,111.25130988213586
2010-10-29,111.57022321448605
2010-11-01,111.25753405635155
2010-11-23,111.25753405635155
2010-11-24,111.4890276424897
2010-11-26,110.88833335094505
2010-11-29,111.19895266967666
2010-11-30,110.94108060504192
2010-12-01,111.34813258622556
2010-12-02,110.78545671311701
2010-12-03,110.42157846157035
2010-12-06,109.78990845132151
2010-12-07,109.15803420161588
2010-12-30,109.15803420161588
2010-12-31,109.06952898340458
2011-01-03,108.02755741489865
2011-01-04,108.19643113891075
2011-01-05,107.66700485305664
2011-01-06,107.37333275476864
2011-01-07,106.90438147763224
2011-01-10,106.59832949312403
2011-01-11,105.95831263841863
2011-01-12,106.19272443673329
2011-02-04,106.19272443673329
2011-02-07,106.03994764428167
2011-02-08,106.7945445263498
2011-02-09,106.44781867952224
2011-02-10,106.9909596803511
2011-02-11,107.21328903924355
2011-02-14,107.09446803537281
2011-02-15,107.25965530294604
2011-02-16,107.55819413072143
2011-02-17,107.38988136281571
2011-03-14,107.38988136281571
2011-03-15,107.1779253614357
2011-03-16,107.36838842382639
2011-03-17,107.12558466238643
2011-03-18,107.35374031049443
2011-03-21,106.70398463351543
2011-03-22,105.3659536024912
2011-03-23,105.3389176150105
2011-03-24,105.4935947196902
2011-03-25,106.64907250233684
2011-04-18,106.64907250233684
2011-04-19,106.06601078911443
2011-04-20,107.81844565907055
2011-04-21,108.49745509687192
2011-04-25,109.1545246759784
2011-04-26,109.91504651420445
2011-04-27,109.18493728740378
2011-04-28,108.05855871553224
2011-04-29,109.23492734803614
2011-05-02,109.30837053516558
2011-05-24,109.30837053516558
2011-05-25,109.49834870463174
2011-05-26,109.63672078458299
2011-05-27,110.06195673752838
2011-05-31,110.65908132223628
2011-06-01,110.40502519629604
2011-06-02,110.5353167295198
2011-06-03,110.24962980661424
2011-06-06,110.14750910419745
2011-06-07,108.88471900629474
2011-06-29,108.88471900629474
2011-06-30,109.03844560874789
2011-07-01,109.023858955967
2011-07-05,109.17985012397641
2011-07-06,108.95916500439408
2011-07-07,109.25677488884298
2011-07-08,109.24337994708199
2011-07-11,108.97063419023914
2011-07-12,108.97490389588565
2011-07-13,110.3179076814078
2011-08-04,110.3179076814078
2011-08-05,110.31580718392519
2011-08-08,108.4095500978524
2011-08-09,109.90621419967898
2011-08-10,110.67276887947821
2011-08-11,110.93179861416809
2011-08-12,111.61128244242269
2011-08-15,112.65281829000693
2011-08-16,111.38712167873935
2011-08-17,111.59602477968373
2011-09-09,111.59602477968373
2011-09-12,111.42641116718141
2011-09-13,111.35029299950291
2011-09-14,111.24852387113346
2011-09-15,110.88558998564378
2011-09-16,109.97763534858878
2011-09-19,109.74020521450781
2011-09-20,108.80491740183166
2011-09-21,108.5662711500823
2011-09-22,109.03958185421051
2011-10-14,109.03958185421051
2011-10-17,111.05864633907696
2011-10-18,111.22017767126874
2011-10-19,111.18959993398744
2011-10-20,111.99945336951677
2011-10-21,111.12024429010621
2011-10-24,113.06665817042574
2011-10-25,112.7010753417323
2011-10-26,113.113486271727
2011-10-27,114.68727279457377
2011-11-18,114.68727279457377
2011-11-21,114.45331706024992
2011-11-22,115.47169660897868
2011-11-23,114.51796948810725
2011-11-25,114.35034178908919
2011-11-28,115.39100492397114
2011-11-29,115.11854590333152
2011-11-30,116.12319961769633
2011-12-01,116.28238231542248
2011-12-02,116.39301219134556
2011-12-27,116.39301219134556
2011-12-28,116.78711048567527
2011-12-29,116.19437472236018
2011-12-30,116.09842785022565
2012-01-03,116.23639580091408
2012-01-04,117.014680982507
2012-01-05,116.45401920840848
2012-01-06,115.82138554865607
2012-01-09,116.36860457803898
2012-01-10,115.99930314128322
2012-02-02,115.99930314128322
2012-02-03,115.47774331728596
2012-02-06,115.16459260989231
2012-02-07,114.90089081353945
2012-02-08,114.88540611534502
2012-02-09,114.65796233895507
2012-02-10,115.59874119055031
2012-02-13,115.92681059960141
2012-02-14,116.31207931109857
2012-02-15,116.4900113708951
2012-03-09,116.4900113708951
2012-03-12,116.26705227264887
2012-03-13,115.70899400843597
2012-03-14,116.61642110761758
2012-03-15,116.22497007156684
2012-03-16,116.6796108980272
2012-03-19,116.73765051529084
2012-03-20,116.93064178456126
2012-03-21,116.82828140698032
2012-03-22,116.21079217648749
2012-04-16,116.21079217648749
2012-04-17,117.3029673967833
2012-04-18,117.7423553191118
2012-04-19,120.27282590695476
2012-04-20,118.67074496064399
2012-04-23,116.6001884659225
2012-04-24,116.68605434956707
2012-04-25,115.83921747493217
2012-04-26,115.66598982211464
2012-04-27,115.06326695271268
2012-05-21,115.06326695271268
2012-05-22,114.76601137887249
2012-05-23,115.61836456052991
2012-05-24,115.50061391175696
2012-05-25,116.14073433104024
2012-05-29,116.53791865972923
2012-05-30,116.25344615820698
2012-05-31,116.20773166064062
2012-06-01,115.53496389235889
2012-06-04,115.49174822922244
2012-06-26,115.49174822922244
2012-06-27,116.16784905390836
2012-06-28,116.69440706489385
2012-06-29,116.73992625864987
2012-07-02,116.81259816168898
2012-07-03,117.2746276347037
2012-07-05,116.8942442692618
2012-07-06,117.54700816993167
2012-07-09,117.0813958911946
2012-07-10,117.0224767333513
2012-08-01,117.0224767333513
2012-08-02,117.3783870447758
2012-08-03,117.74968919517826
2012-08-06,117.96354353225561
2012-08-07,118.95856472426976
2012-08-08,119.7013918321639
2012-08-09,119.78012811717213
2012-08-10,119.08216129152142
2012-08-13,119.048126074802
2012-08-14,118.67617366953262
2012-09-06,118.67617366953262
2012-09-07,118.43195584977403
2012-09-10,117.54899150926389
2012-09-11,117.56568161449499
2012-09-12,117.75808196009234
2012-09-13,117.92642908712827
2012-09-14,117.80117977909254
2012-09-17,117.49662617866802
2012-09-18,117.43067769065945
2012-09-19,116.78533310503079
2012-10-11,116.78533310503079
2012-10-12,116.77166495048502
2012-10-15,116.89265191886838
2012-10-16,117.04751662688233
2012-10-17,116.7058276851815
2012-10-18,116.68725847586241
2012-10-19,116.75112257231919
2012-10-22,117.1713920962433
2012-10-23,117.10961260726049
2012-10-24,116.9817475331961
2012-11-19,116.9817475331961
2012-11-20,116.41781591011164
2012-11-21,116.14744205641459
2012-11-23,116.1799063992846
2012-11-26,116.641329519757
2012-11-27,117.53308460210096
2012-11-28,118.03855337281018
2012-11-29,118.0923162967786
2012-11-30,118.18470364789653
2012-12-03,118.21686855965386
2012-12-26,118.21686855965386
2012-12-27,118.32824502829806
2012-12-28,118.08477763100501
2012-12-31,117.84151550932188
2013-01-02,118.44483695568512
2013-01-03,118.49573450269409
2013-01-04,119.30821924070011
2013-01-07,119.05761640568974
2013-01-08,119.69684678155986
2013-01-09,121.63638355876465
2013-02-01,121.63638355876465
2013-02-04,122.09634358313659
2013-02-05,122.25030700335563
2013-02-06,122.94156587331747
2013-02-07,122.49230729717323
2013-02-08,122.64145854107215
2013-02-11,123.21483066392652
2013-02-12,122.8583934947493
2013-02-13,122.74935336241204
2013-02-14,122.84609493997581
2013-03-11,122.84609493997581
2013-03-12,123.23596947224566
2013-03-13,123.35242839743135
2013-03-14,123.57611789147244
2013-03-15,123.62776861811068
2013-03-18,124.0832584385723
2013-03-19,124.25083982159423
2013-03-20,124.24547397591977
2013-03-21,124.1276953860768
2013-03-22,124.25447529581716
2013-04-16,124.25447529581716
2013-04-17,124.58445220447113
2013-04-18,123.64032339891358
2013-04-19,124.58449684912311
2013-04-22,124.33707842774491
2013-04-23,124.19676516590756
2013-04-24,124.11781009805428
2013-04-25,126.00345476911892
2013-04-26,126.20634775332887
2013-04-29,126.65659656405491
2013-05-21,126.65659656405491
2013-05-22,126.34822985014266
2013-05-23,127.53273386489401
2013-05-24,127.52150359254222
2013-05-28,127.14420570884862
2013-05-29,126.19307483564593
2013-05-30,126.25008269681047
2013-05-31,125.86758170722024
2013-06-03,125.43770524561462
2013-06-04,125.62528660046134
2013-06-26,125.62528660046134
2013-06-27,126.14267693034333
2013-06-28,125.94444817702426
2013-07-01,125.70285511947263
2013-07-02,126.10117263270435
2013-07-03,125.84655663633811
2013-07-05,125.97791138500867
2013-07-08,126.3113194014778
2013-07-09,126.95694188610845
2013-07-10,127.6811846556239
2013-08-01,127.6811846556239
2013-08-02,127.78892764133391
2013-08-05,127.98115076156068
2013-08-06,127.45404612742021
2013-08-07,127.54904773400364
2013-08-08,126.98413369034803
2013-08-09,125.73099474781648
2013-08-12,126.09229416969693
2013-08-13,125.8031518176845
2013-08-14,125.87212823462686
2013-09-06,125.87212823462686
2013-09-09,126.48114135312744
2013-09-10,126.40096802181405
2013-09-11,126.33715788218663
2013-09-12,125.72742010245295
2013-09-13,126.28010731700769
2013-09-16,127.55659164538409
2013-09-17,126.93415801120364
2013-09-18,127.69540859290915
2013-09-19,127.9247820999745
2013-10-11,127.9247820999745
2013-10-14,128.16050796791163
2013-10-15,128.59419267645933
2013-10-16,128.42090261507215
2013-10-17,127.5537202211036
2013-10-18,127.6671411191774
2013-10-21,127.9800617302341
2013-10-22,125.56947403595724
2013-10-23,123.84040829692096
2013-10-24,125.61487769340425
2013-11-15,125.61487769340425
2013-11-18,125.53437198727647
2013-11-19,125.2990986699811
2013-11-20,125.74194071429521
2013-11-21,125.66285639650049
2013-11-22,125.63387664017276
2013-11-25,125.05745422588711
2013-11-26,125.85574047886217
2013-11-27,126.08918925814642
2013-11-29,126.25769219604199
2013-12-23,126.25769219604199
2013-12-24,126.30490117873505
2013-12-26,126.2452749418613
2013-12-27,126.43262188491637
2013-12-30,126.10297557303716
2013-12-31,126.41336127459778
2014-01-02,126.64794896451498
2014-01-03,126.12713314205385
2014-01-06,125.87912296687978
2014-01-07,125.44617913203037
2014-01-30,125.44617913203037
2014-01-31,124.0904802617909
2014-02-03,124.09463115737121
2014-02-04,123.84513681024114
2014-02-05,124.07488216468789
2014-02-06,124.46517711320259
2014-02-07,123.7524764335269
2014-02-10,122.94785761105895
2014-02-11,124.12854771041835
2014-02-12,124.07629105858396
2014-03-07,124.07629105858396
2014-03-10,124.31049673111825
2014-03-11,124.53172964005039
2014-03-12,123.82769548028188
2014-03-13,123.90204845166845
2014-03-14,124.51163582826048
2014-03-17,124.37525400130505
2014-03-18,124.31582093673549
2014-03-19,123.85698907719873
2014-03-20,124.90115704223541
2014-04-11,124.90115704223541
2014-04-14,124.81551925497698
2014-04-15,125.07756385371977
2014-04-16,125.30572304076023
2014-04-17,125.62452431782722
2014-04-21,125.41266686105715
2014-04-22,125.21660189886954
2014-04-23,125.19591505618773
2014-04-24,125.23863703610614
2014-04-25,124.79586444618212
2014-05-19,124.79586444618212
2014-05-20,124.58318700422699
2014-05-21,124.49345086990388
2014-05-22,124.42082855740644
2014-05-23,124.83650382443055
2014-05-27,125.00446162444973
2014-05-28,124.91103240138904
2014-05-29,125.28631038516352
2014-05-30,125.30049412766851
2014-06-02,124.4087111716376
2014-06-24,124.4087111716376
2014-06-25,124.3141865856136
2014-06-26,124.3230391234478
2014-06-27,124.20572575340469
2014-06-30,123.82741323380579
2014-07-01,123.90184014452407
2014-07-02,123.79705008268216
2014-07-03,123.54764086729158
2014-07-07,123.50420549222594
2014-07-08,123.76742386231705
2014-07-30,123.76742386231705
2014-07-31,123.19920518561405
2014-08-01,123.31191823462564
2014-08-04,123.56155185077337
2014-08-05,123.64645053742233
2014-08-06,122.88981620933379
2014-08-07,122.8945548389208
2014-08-08,123.37736289845165
2014-08-11,123.39424518490776
2014-08-12,123.02798615847124
2014-09-04,123.02798615847124
2014-09-05,122.56473572789457
2014-09-08,122.27916737917782
2014-09-09,122.39342593358924
2014-09-10,122.96705482677301
2014-09-11,123.03223321057551
2014-09-12,123.39086014246648
2014-09-15,123.0601621905977
2014-09-16,122.82765224392803
2014-09-17,123.4252160214959
2014-10-09,123.4252160214959
2014-10-10,122.96893090144454
2014-10-13,123.30041970757995
2014-10-14,124.27361764607245
2014-10-15,123.31646835347169
2014-10-16,122.97753452100451
2014-10-17,123.2515840301587
2014-10-20,123.03827445110801
2014-10-21,123.89996832532334
2014-10-22,124.17225687867928
2014-11-13,124.17225687867928
2014-11-14,124.33731759606569
2014-11-17,124.28747215651305
2014-11-18,124.3723668692126
2014-11-19,123.83342924389356
2014-11-20,123.80277247592089
2014-11-21,123.40452909204436
2014-11-24,123.81713846183467
2014-11-25,124.22811691857363
2014-11-26,124.16659281662673
2014-12-19,124.16659281662673
2014-12-22,124.33421446739406
2014-12-23,124.08141305446281
2014-12-24,124.15728686302685
2014-12-26,124.29022067253139
2014-12-29,124.51089271270385
2014-12-30,124.50181716893658
2014-12-31,124.42734624233528
2015-01-02,125.12908824806105
2015-01-05,126.0400734906036
2015-01-28,126.0400734906036
2015-01-29,125.38801714360513
2015-01-30,125.76195669160202
2015-02-02,125.89825253013007
2015-02-03,125.75373857785206
2015-02-04,125.80604086498147
2015-02-05,125.68509166387652
2015-02-06,125.70920603529166
2015-02-09,126.41177869110894
2015-02-10,126.41284932708703
2015-03-05,126.41284932708703
2015-03-06,126.32569595933418
2015-03-09,126.06239073852005
2015-03-10,126.10895973990068
2015-03-11,126.1469004200769
2015-03-12,125.24697733015184
2015-03-13,125.31206033301214
2015-03-16,125.14548887779652
2015-03-17,124.86517798707904
2015-03-18,123.78658631616956
2015-04-10,123.78658631616956
2015-04-13,123.97549369066411
2015-04-14,124.06524425094318
2015-04-15,124.08876525832721
2015-04-16,124.225884530057
2015-04-17,123.67042806153952
2015-04-20,123.67505594162368
2015-04-21,123.71736380176064
2015-04-22,123.93100542387134
2015-04-23,123.82861157966828
2015-05-15,123.82861157966828
2015-05-18,123.76878624950264
2015-05-19,124.10322126531015
2015-05-20,124.15299807361946
2015-05-21,123.83276077912979
2015-05-22,123.58515386367097
2015-05-26,123.34187434891489
2015-05-27,123.6159975677092
2015-05-28,124.2467309093794
2015-05-29,124.55462533369824
2015-06-22,124.55462533369824
2015-06-23,124.11210889799013
2015-06-24,124.06463950410482
2015-06-25,123.58454872410891
2015-06-26,123.68455594324705
2015-06-29,123.14566134337093
2015-06-30,123.90080569755642
2015-07-01,124.10177645329037
2015-07-02,124.40614652454006
2015-07-06,124.74136270997626
2015-07-28,124.74136270997626
2015-07-29,125.2708317203406
2015-07-30,124.75604650965953
2015-07-31,124.84735298186742
2015-08-03,124.95620904012534
2015-08-04,125.56244732785596
2015-08-05,125.4126081437553
2015-08-06,125.28085453260562
2015-08-07,124.39005609929795
2015-08-10,124.716200325634
2015-09-01,124.716200325634
2015-09-02,125.217839422276
2015-09-03,125.25000055221001
2015-09-04,125.07762123728112
2015-09-08,126.05632399926377
2015-09-09,125.88784897908292
2015-09-10,125.57071401939372
2015-09-11,125.66120752996136
2015-09-14,125.74449971129289
2015-09-15,126.33728416436064
2015-10-07,126.33728416436064
2015-10-08,126.16675054054458
2015-10-09,126.13614284052578
2015-10-12,126.03981282070279
2015-10-13,125.77572723690949
2015-10-14,126.17860153463906
2015-10-15,127.03173619153235
2015-10-16,126.74532774777512
2015-10-19,126.83965016197438
2015-10-20,126.7692645073622
2015-11-11,126.7692645073622
2015-11-12,127.44754679954919
2015-11-13,128.03640489179858
2015-11-16,127.94235216946466
2015-11-17,127.9436316271496
2015-11-18,127.99108677481279
2015-11-19,127.95701504613525
2015-11-20,128.76483653245342
2015-11-23,128.99076903686554
2015-11-24,128.8229466896867
2015-12-17,128.8229466896867
2015-12-18,129.07017225590224
2015-12-21,129.08339238084355
2015-12-22,129.56203574860174
2015-12-23,129.36410620496994
2015-12-24,129.65761667563012
2015-12-28,129.77998353627498
2015-12-29,130.15748078421592
2015-12-30,129.98820105889757
2015-12-31,130.0345773825545
2016-01-26,130.0345773825545
2016-01-27,130.56433830324
2016-01-28,130.5426517640555
2016-01-29,131.1381627400774
2016-02-01,131.02695575643236
2016-02-02,129.27534261230065
2016-02-03,128.6478079713751
2016-02-04,129.36867850778054
2016-02-05,128.25639810778958
2016-02-08,125.97023192743472
2016-03-02,125.97023192743472
2016-03-03,125.71199904530516
2016-03-04,125.82190954203526
2016-03-07,126.39687934005035
2016-03-08,126.51446778702247
2016-03-09,127.06080478210677
2016-03-10,127.69734086102383
2016-03-11,127.77468678025838
2016-03-14,127.43225679364426
2016-03-15,127.10109171685448
2016-04-07,127.10109171685448
2016-04-08,126.99413912211158
2016-04-11,126.86119898166727
2016-04-12,126.9513321405604
2016-04-13,127.62668135308675
2016-04-14,126.75053819552141
2016-04-15,126.95371786076058
2016-04-18,127.69770307818328
2016-04-19,127.63953806322364
2016-04-20,128.36322589423702
2016-05-12,128.36322589423702
2016-05-13,128.29692191109248
2016-05-16,128.37230150959414
2016-05-17,127.58207814661799
2016-05-18,127.16365237176801
2016-05-19,127.81676234161407
2016-05-20,127.9175565580511
2016-05-23,128.01573426674963
2016-05-24,128.11537430588888
2016-05-25,128.2322295118318
2016-06-17,128.2322295118318
2016-06-20,127.8583091557993
2016-06-21,127.73217509610981
2016-06-22,127.45135679061622
2016-06-23,127.27138584465992
2016-06-24,128.35377832644832
2016-06-27,128.90227720117235
2016-06-28,128.0642384534155
2016-06-29,127.84425379076107
2016-06-30,127.16559553435343
2016-07-25,127.16559553435343
2016-07-26,126.72352328142718
2016-07-27,126.73843021034223
2016-07-28,126.82608221350628
2016-07-29,126.70387050915899
2016-08-01,126.69845218712996
2016-08-02,126.97676297744849
2016-08-03,127.40225521124918
2016-08-04,127.85356334324047
2016-08-05,128.73251335190218
2016-08-29,128.73251335190218
2016-08-30,128.0698613279585
2016-08-31,128.05567953848873
2016-09-01,128.14059964053826
2016-09-02,128.3773167789279
2016-09-06,128.85193975315528
2016-09-07,128.84382105950905
2016-09-08,128.81874132425418
2016-09-09,128.4927569296496
2016-09-12,128.25416050929957
2016-10-04,128.25416050929957
2016-10-05,128.23469305661672
2016-10-06,128.23415850010156
2016-10-07,128.49587519207034
2016-10-10,128.69723027638318
2016-10-11,128.63042335980012
2016-10-12,129.25383811536037
2016-10-13,129.39578911489954
2016-10-14,129.51357082598886
2016-10-17,129.19324719560174
2016-11-08,129.19324719560174
2016-11-09,128.15289632400126
2016-11-10,125.61542955112489
2016-11-11,125.32696467084169
2016-11-14,123.8065663603219
2016-11-15,123.00470470847034
2016-11-16,124.56835383834205
2016-11-17,124.21799131784869
2016-11-18,124.6962649115386
2016-11-21,125.17914468358576
2016-12-14,125.17914468358576
2016-12-15,124.18385126152332
2016-12-16,125.24777628506726
2016-12-19,125.46022274951963
2016-12-20,125.43913246702277
2016-12-21,125.61628551844028
2016-12-22,125.42305615789371
2016-12-23,125.43612859964833
2016-12-27,125.30187143134248
2016-12-28,125.19984465981291
2017-01-23,125.19984465981291
2017-01-24,124.87421241296013
2017-01-25,125.04206315857554
2017-01-26,124.34087969940865
2017-01-27,123.93853860246925
2017-01-30,124.03590207134407
2017-01-31,124.01350888662883
2017-02-01,123.53033542448316
2017-02-02,123.86576487633265
2017-02-03,124.27933145750225
2017-02-28,124.27933145750225
2017-03-01,125.17782698482321
2017-03-02,124.84534077038644
2017-03-03,125.95113628181194
2017-03-06,125.37729071284575
2017-03-07,125.04492844362242
2017-03-08,125.46598251765411
2017-03-09,125.75432890976813
2017-03-10,125.71652602298775
2017-03-13,125.49670853071406
2017-04-04,125.49670853071406
2017-04-05,124.9529158940456
2017-04-06,125.38839745069478
2017-04-07,125.41966840877363
2017-04-10,125.35020095183245
2017-04-11,125.20383374792797
2017-04-12,124.66698271020033
2017-04-13,124.59793323856887
2017-04-17,126.20750982726636
2017-04-18,126.55822126035333
2017-05-10,126.55822126035333
2017-05-11,126.21905845376492
2017-05-12,125.54956922270239
2017-05-15,126.2241973532401
2017-05-16,126.03029414639067
2017-05-17,124.5629439872803
2017-05-18,124.78606446500547
2017-05-19,125.06271541291513
2017-05-22,125.40730634452562
2017-05-23,125.81796696166093
2017-06-15,125.81796696166093
2017-06-16,125.45968103061331
2017-06-19,126.44782725783055
2017-06-20,126.1489215556109
2017-06-21,125.46275591328614
2017-06-22,125.24378796191927
2017-06-23,125.17075487533862
2017-06-26,125.06473759943991
2017-06-27,125.48136257667383
2017-06-28,125.50157530566857
2017-07-21,125.50157530566857
2017-07-24,125.49628991161562
2017-07-25,125.64560338046884
2017-07-26,125.76123762087093
2017-07-27,125.80639244535011
2017-07-28,125.68040361475109
2017-07-31,125.36622079266975
2017-08-01,125.4570737972306
2017-08-02,125.81631200958049
2017-08-03,125.59987956965165
2017-08-25,125.59987956965165
2017-08-28,125.40178927817456
2017-08-29,125.54539884490984
2017-08-30,125.7865435893067
2017-08-31,125.728195945288
2017-09-01,125.53160261240878
2017-09-05,124.63252830312787
2017-09-06,124.12263457978642
2017-09-07,124.65799053361351
2017-09-08,124.66767896195144
2017-10-02,124.66767896195144
2017-10-03,124.84498608393329
2017-10-04,124.94758569700561
2017-10-05,125.05649001583387
2017-10-06,124.6626506826429
2017-10-09,124.45930829535516
2017-10-10,124.80593980403803
2017-10-11,125.17859741096856
2017-10-12,124.83941322616727
2017-10-13,124.85728522077592
2017-11-06,124.85728522077592
2017-11-07,126.02183864411252
2017-11-08,126.78257466255283
2017-11-09,127.60718270198973
2017-11-10,127.38073417101751
2017-11-13,127.11088750977474
2017-11-14,127.12652342744015
2017-11-15,125.76536202894924
2017-11-16,126.02801640099642
2017-11-17,126.03996098280902
2017-12-12,126.03996098280902
2017-12-13,126.13478390888633
2017-12-14,125.65129380003283
2017-12-15,125.01724230960451
2017-12-18,124.66571833259324
2017-12-19,124.33691264304366
2017-12-20,124.385124017123
2017-12-21,124.35753938909286
2017-12-22,124.16693026117707
2017-12-26,123.95809595423113
2018-01-19,123.95809595423113
2018-01-22,123.87658785920222
2018-01-23,124.36230421362018
2018-01-24,124.64739327091502
2018-01-25,125.01623102274117
2018-01-26,125.20848421779546
2018-01-29,125.26500448332249
2018-01-30,125.22045079140152
2018-01-31,125.11220672854198
2018-02-01,124.77007899753546
2018-02-26,124.77007899753546
2018-02-27,124.48815261613665
2018-02-28,124.33321993010681
2018-03-01,123.9442658433928
2018-03-02,123.93393349821014
2018-03-05,124.1703318813979
2018-03-06,124.27183408085543
2018-03-07,124.66979396720333
2018-03-08,124.9741847205962
2018-03-09,125.20377308400559
2018-04-03,125.20377308400559
2018-04-04,125.44429175891403
2018-04-05,125.48205705800153
2018-04-06,125.51045124044222
2018-04-09,125.49152331649503
2018-04-10,125.75875842782752
2018-04-11,125.65145073047965
2018-04-12,126.20753917151146
2018-04-13,125.57359810209792
2018-04-16,125.52477347313457
2018-05-08,125.52477347313457
2018-05-09,126.13487197128512
2018-05-10,126.03487413096151
2018-05-11,126.16314212451046
2018-05-14,126.2307590538056
2018-05-15,126.43573395087131
2018-05-16,126.27564205731454
2018-05-17,125.73378447289318
2018-05-18,125.3032762975499
2018-05-21,125.5425818303106
2018-06-13,125.5425818303106
2018-06-14,126.0576125687697
2018-06-15,126.53736232711877
2018-06-18,126.47423679679771
2018-06-19,126.70060932062252
2018-06-20,126.43503675450751
2018-06-21,125.83937570087343
2018-06-22,125.73462451465865
2018-06-25,125.66526964861283
2018-06-26,125.68100823160687
2018-07-19,125.68100823160687
2018-07-20,126.50689175704098
2018-07-23,127.04033503971519
2018-07-24,127.29918715755429
2018-07-25,127.52239864054218
2018-07-26,127.82596556353687
2018-07-27,127.64144918696282
2018-07-30,128.34820960848734
2018-07-31,127.97535742557886
2018-08-01,128.28146759187558
2018-08-23,128.28146759187558
2018-08-24,128.12181005439624
2018-08-27,128.75614304844146
2018-08-28,128.7370561566958
2018-08-29,128.864432166305
2018-08-30,128.6357190716171
2018-08-31,128.56037624691027
2018-09-04,127.80142664454536
2018-09-05,128.03179655190982
2018-09-06,128.0528666739772
2018-09-28,128.0528666739772
2018-10-01,128.27177633718867
2018-10-02,128.3847127970766
2018-10-03,128.34242155398948
2018-10-04,128.31239039271753
2018-10-05,128.3271877737388
2018-10-08,128.57263689742504
2018-10-09,128.14094483616503
2018-10-10,128.11306228872652
2018-10-11,127.62071356410091
2018-11-02,127.62071356410091
2018-11-05,127.84937538608735
2018-11-06,127.69888887179556
2018-11-07,128.46289342815314
2018-11-08,128.8149728175644
2018-11-09,128.3708588268521
2018-11-12,127.94876513558967
2018-11-13,127.80472388038466
2018-11-14,127.4443394365496
2018-11-15,128.04311936871844
2018-12-11,128.04311936871844
2018-12-12,128.13089627182515
2018-12-13,127.63252254683358
2018-12-14,127.66261200239687
2018-12-17,127.62654886924683
2018-12-18,128.4268165514356
2018-12-19,128.38134316469362
2018-12-20,128.61452907687755
2018-12-21,129.13035263467322
2018-12-24,129.28586160589256
2019-01-17,129.28586160589256
2019-01-18,130.13396482540875
2019-01-22,129.60465156819265
2019-01-23,130.24476806896874
2019-01-24,130.40972014875788
2019-01-25,129.5219300434599
2019-01-28,129.86794596839263
2019-01-29,130.34149222474124
2019-01-30,131.10364424478215
2019-01-31,131.92499037569743
2019-02-25,131.92499037569743
2019-02-26,131.73559058575646
2019-02-27,131.47871096734724
2019-02-28,131.29390989412485
2019-03-01,130.59586561420684
2019-03-04,130.73381158019072
2019-03-05,130.88630348196278
2019-03-06,131.61638060371854
2019-03-07,132.36490686732083
2019-03-08,132.78794427621193
2019-04-01,132.78794427621193
2019-04-02,132.76344888826247
2019-04-03,132.81901085041366
2019-04-04,132.85485095510336
2019-04-05,132.83150415657747
2019-04-08,132.7859066206544
2019-04-09,133.05589417258366
2019-04-10,132.80221475093188
2019-04-11,132.7352711001702
2019-04-12,132.9523740194679
2019-05-07,132.9523740194679
2019-05-08,132.81613217559462
2019-05-09,132.0393998212624
2019-05-10,132.3020238191104
2019-05-13,132.0810285209259
2019-05-14,131.46695023361087
2019-05-15,131.56392896638548
2019-05-16,131.34091628012598
2019-05-17,130.755507670754
2019-05-20,130.9116492153828
2019-06-12,130.9116492153828
2019-06-13,131.1505338514563
2019-06-14,131.20337121950877
2019-06-17,131.02880975427126
2019-06-18,131.5601091457727
2019-06-19,131.1188948388607
2019-06-20,130.92842695909502
2019-06-21,130.5249412628847
2019-06-24,130.33033628201986
2019-06-25,130.02256009402495
2019-07-18,130.02256009402495
2019-07-19,131.3863513555775
2019-07-22,130.52944408377004
2019-07-23,130.92485849180613
2019-07-24,130.98611322360597
2019-07-25,130.7289175718877
2019-07-26,131.1050896297267
2019-07-29,131.3914812364278
2019-07-30,131.5458308715518
2019-07-31,132.45944425732787
2019-08-22,132.45944425732787
2019-08-23,131.89331643247388
2019-08-26,131.87087616278254
2019-08-27,131.74575972922972
2019-08-28,132.2106794753788
2019-08-29,132.19851363068463
2019-08-30,131.78848889120047
2019-09-03,131.29578506578355
2019-09-04,131.64224895923715
2019-09-05,132.4702179855254
2019-09-27,132.4702179855254
2019-09-30,133.04237266607373
2019-10-01,131.9874200802726
2019-10-02,131.4248908656169
2019-10-03,131.15102000087828
2019-10-04,131.75607201941006
2019-10-07,131.61710183941557
2019-10-08,130.57819695920224
2019-10-09,131.47381147997402
2019-10-10,132.18543128057726
2019-11-01,132.18543128057726
2019-11-04,132.68064342567632
2019-11-05,132.88557355733283
2019-11-06,133.590202196589
2019-11-07,134.31180084432347
2019-11-08,134.3550761854708
2019-11-11,135.04281107771118
2019-11-12,135.13590644769783
2019-11-13,135.14839334257107
2019-11-14,134.28338318365167
2019-12-09,134.28338318365167
2019-12-10,134.27436409622442
2019-12-11,133.86595802272413
2019-12-12,134.04502270606412
2019-12-13,133.92208847384748
2019-12-16,134.21439855780903
2019-12-17,134.1164070395237
2019-12-18,134.0426499239666
2019-12-19,134.13909934558728
2019-12-20,134.01650632861222
2020-01-15,134.01650632861222
2020-01-16,134.11378963761499
2020-01-17,132.77866051984276
2020-01-21,133.09302954452883
2020-01-22,133.00467135499994
2020-01-23,132.75250824979597
2020-01-24,132.032514685457
2020-01-27,132.54922413174964
2020-01-28,132.81324937927536
2020-01-29,133.30240667056162
2020-02-21,133.30240667056162
2020-02-24,132.75413366511833
2020-02-25,132.0911212751055
2020-02-26,132.0946187764048
2020-02-27,132.03229780450704
2020-02-28,131.79228643308457
2020-03-02,132.82874343734596
2020-03-03,132.14348459771378
2020-03-04,131.67765773318283
2020-03-05,129.8967313003778
2020-03-27,129.8967313003778
2020-03-30,132.07093013960713
2020-03-31,133.08715064572374
2020-04-01,132.94103215750593
2020-04-02,132.1858135422034
2020-04-03,133.79242921923324
2020-04-06,134.09178488419377
2020-04-07,134.8560565641414
2020-04-08,134.23310266119728
2020-04-09,135.36084773885963
2020-05-04,135.36084773885963
2020-05-05,135.40847121039965
2020-05-06,135.38861334266392
2020-05-07,136.5654467280486
2020-05-08,137.97966263810017
2020-05-11,138.0093308247977
2020-05-12,138.72262247076617
2020-05-13,136.96819852889274
2020-05-14,136.45448176270364
2020-05-15,135.76397352587787
2020-06-09,135.76397352587787
2020-06-10,138.9375401630201
2020-06-11,142.90801683107054
2020-06-12,140.86144567940954
2020-06-15,139.7627720357156
2020-06-16,138.72314697271105
2020-06-17,139.57937856061483
2020-06-18,139.3759441750949
2020-06-19,139.9336559627292
2020-06-22,139.61001612730067
2020-07-15,139.61001612730067
2020-07-16,139.82926528264807
2020-07-17,138.6332668770035
2020-07-20,139.53702103152617
2020-07-21,141.0332982606187
2020-07-22,141.31650364499168
2020-07-23,142.8335532489214
2020-07-24,143.12822715451546
2020-07-27,143.49482494171374
2020-07-28,143.4525599737579
2020-08-19,143.4525599737579
2020-08-20,142.45347348790514
2020-08-21,142.1850111482005
2020-08-24,141.37183532490064
2020-08-25,141.4137844699199
2020-08-26,141.9608753908743
2020-08-27,141.95258512458508
2020-08-28,142.43287541910328
2020-08-31,142.98738050122412
2020-09-01,143.20922423412776
2020-09-24,143.20922423412776
2020-09-25,143.14961408237716
2020-09-28,143.13260988657638
2020-09-29,142.99191716647417
2020-09-30,143.6031968783764
2020-10-01,143.6151390296682
2020-10-02,142.9351884211541
2020-10-05,142.64494507339435
2020-10-06,142.5079973856016
2020-10-07,142.63079091014737
2020-10-29,142.63079091014737
2020-10-30,141.8887481700488
2020-11-02,142.38352214989143
2020-11-03,142.68381363801086
2020-11-04,143.29181847228537
2020-11-05,145.13117812006024
2020-11-06,144.2846212549527
2020-11-09,145.14882809336757
2020-11-10,145.86209073889094
2020-11-11,145.8088611713467
2020-12-04,145.8088611713467
2020-12-07,145.96604740569276
2020-12-08,145.37997123974293
2020-12-09,145.44147029106333
2020-12-10,145.654065255077
2020-12-11,145.22382582489504
2020-12-14,145.17860564597817
2020-12-15,145.09055254512631
2020-12-16,144.8499082056952
2020-12-17,145.20568022839313
2021-01-12,145.20568022839313
2021-01-13,145.36671987354148
2021-01-14,145.8920716231957
2021-01-15,146.80218023209693
2021-01-19,147.80827347235206
2021-01-20,149.05039559591629
2021-01-21,148.14708555684746
2021-01-22,148.90626912855865
2021-01-25,150.02914741187044
2021-01-26,150.3797281273535
2021-02-18,150.3797281273535
2021-02-19,151.29347135093343
2021-02-22,150.94073617641428
2021-02-23,150.60182364765527
2021-02-24,150.99632596465844
2021-02-25,151.0267652592223
2021-02-26,151.12096265509888
2021-03-01,151.19224829131454
2021-03-02,151.45782004653168
2021-03-03,151.42643674699153
2021-03-25,151.42643674699153
2021-03-26,150.79345651688215
2021-03-29,150.6437835371624
2021-03-30,149.92943660816272
2021-03-31,150.24065347640135
2021-04-01,150.4782675181462
2021-04-05,150.59677596171971
2021-04-06,151.0414904424137
2021-04-07,150.9089867057404
2021-04-08,151.54419250436675
2021-04-30,151.54419250436675
2021-05-03,151.30437939783334
2021-05-04,151.4148033477792
2021-05-05,151.28925000698734
2021-05-06,151.45971249332965
2021-05-07,151.52767436319868
2021-05-10,151.4412982434153
2021-05-11,151.59337975506884
2021-05-12,151.15041667414707
2021-05-13,151.3855826449135
2021-06-07,151.3855826449135
2021-06-08,150.96729063413042
2021-06-09,150.86233098118947
2021-06-10,150.73024584000936
2021-06-11,150.5312675255569
2021-06-14,150.92885152744404
2021-06-15,150.8063718445482
2021-06-16,150.8625070153889
2021-06-17,149.86689711865176
2021-06-18,149.82405123429757
2021-07-13,149.82405123429757
2021-07-14,149.40052299398397
2021-07-15,148.90917496355107
2021-07-16,147.88304877740777
2021-07-19,146.72730459261987
2021-07-20,147.73408435101496
2021-07-21,148.22425310628947
2021-07-22,147.71581860061613
2021-07-23,147.23021971630328
2021-07-26,147.58118280340472
2021-08-17,147.58118280340472
2021-08-18,147.79565337700905
2021-08-19,147.62210846553398
2021-08-20,147.69346718439394
2021-08-23,147.92207205918214
2021-08-24,148.1578253060906
2021-08-25,148.8042963309176
2021-08-26,148.2133430272577
2021-08-27,148.7949275685078
2021-08-30,148.11954077297477
2021-09-22,148.11954077297477
2021-09-23,149.37650623495819
2021-09-24,148.973831632353
2021-09-27,149.02942944174114
2021-09-28,149.70621602470206
2021-09-29,150.36955000434668
2021-09-30,149.7592893195403
2021-10-01,150.21289267977087
2021-10-04,151.17602400121194
2021-10-05,152.35215129055885
2021-10-27,152.35215129055885
2021-10-28,152.03948957356943
2021-10-29,151.46940345530194
2021-11-01,151.17643211853226
2021-11-02,151.03863253259806
2021-11-03,150.22798468564943
2021-11-04,150.05002774628196
2021-11-05,150.67729261977746
2021-11-08,150.29139259133697
2021-11-09,150.66033889351482
2021-12-02,150.66033889351482
2021-12-03,149.51541409554198
2021-12-06,150.9424434623381
2021-12-07,150.8127134563367
2021-12-08,152.83066763211943
2021-12-09,152.17398068889634
2021-12-10,152.71297550548616
2021-12-13,152.1088258698091
2021-12-14,152.2655754495803
2021-12-15,152.12204518012138
2022-01-07,152.12204518012138
2022-01-10,152.2539511881679
2022-01-11,151.4043572405009
2022-01-12,151.61022672894467
2022-01-13,151.56887828639634
2022-01-14,151.17621508235032
2022-01-18,151.5962201471103
2022-01-19,151.91092176759994
2022-01-20,152.99926443391357
2022-01-21,153.21470079940886
2022-02-14,153.21470079940886
2022-02-15,153.86744357664938
2022-02-16,153.69757810524825
2022-02-17,152.68042783936153
2022-02-18,152.5796559580982
2022-02-22,152.18373626342773
2022-02-23,154.11672663036543
2022-02-24,153.71252704293408
2022-02-25,154.8094580852591
2022-02-28,154.84163298238275
2022-03-22,154.84163298238275
2022-03-23,154.74354458897585
2022-03-24,154.87651076098794
2022-03-25,153.52257508198883
2022-03-28,153.71620814156094
2022-03-29,153.86840901473047
2022-03-30,153.23818435504663
2022-03-31,152.76562480767046
2022-04-01,153.19878921416628
2022-04-04,152.44321974011936
2022-04-27,152.44321974011936
2022-04-28,153.30911893483363
2022-04-29,152.98817365631672
2022-05-02,152.76065202077328
2022-05-03,152.67276438840375
2022-05-04,153.1535809747852
2022-05-05,152.6920844175446
2022-05-06,152.86828662303807
2022-05-09,153.52267380292477
2022-05-10,153.76731746991487
2022-06-02,153.76731746991487
2022-06-03,153.27770966882076
2022-06-06,153.70647292314578
2022-06-07,153.0583130462024
2022-06-08,152.00355709973843
2022-06-09,151.456025964951
2022-06-10,149.9613777906539
2022-06-13,150.70011981756866
2022-06-14,151.23208794391223
2022-06-15,151.35961170364175
2022-07-11,151.35961170364175
2022-07-12,150.1618502094131
2022-07-13,148.99355575309818
2022-07-14,148.76528032040824
2022-07-15,148.0392835168399
2022-07-18,147.66971129497483
2022-07-19,149.54274729831775
2022-07-20,151.74825916409716
2022-07-21,151.66431293195063
2022-07-22,151.63053409970442
2022-08-15,151.63053409970442
2022-08-16,151.71070029295436
2022-08-17,151.780036186264
2022-08-18,151.93541461223126
2022-08-19,152.3211290860364
2022-08-22,152.74565523312572
2022-08-23,152.8641189898413
2022-08-24,152.67055657048323
2022-08-25,152.06645964427673
2022-08-26,152.9856913445736
2022-09-20,152.9856913445736
2022-09-21,152.6607669340529
2022-09-22,152.2759424268067
2022-09-23,151.32674240370858
2022-09-26,151.55499687446195
2022-09-27,152.08771368882853
2022-09-28,152.42742595477532
2022-09-29,152.87507062635643
2022-09-30,148.8740705940089
2022-10-03,147.90175634596673
2022-10-25,147.90175634596673
2022-10-26,147.95430818496263
2022-10-27,148.45285487473657
2022-10-28,147.54746679528918
2022-10-31,147.07941070863404
2022-11-01,147.06330275645263
2022-11-02,147.38783021279727
2022-11-03,147.45262936210133
2022-11-04,147.3456984612298
2022-11-07,147.29905904069102
2022-11-30,147.29905904069102
2022-12-01,148.01290310023145
2022-12-02,147.14698534843723
2022-12-05,147.26670789248445
2022-12-06,147.05935162563605
2022-12-07,147.78384805975492
2022-12-08,147.34414560693855
2022-12-09,147.5796859707014
2022-12-12,147.75480113326591
2022-12-13,147.94218263425813
2023-01-06,147.94218263425813
2023-01-09,148.6394471592138
2023-01-10,148.86720760290672
2023-01-11,149.99185381473956
2023-01-12,150.74954909633234
2023-01-13,150.5576741205071
2023-01-17,151.48886151414862
2023-01-18,151.72805891813928
2023-01-19,150.82567962699912
2023-01-20,151.29407394667658
2023-02-13,151.29407394667658
2023-02-14,150.44617867914903
2023-02-15,150.86120040629666
2023-02-16,151.13618525411366
2023-02-17,150.64935354712787
2023-02-21,150.79399887166016
2023-02-22,150.78395835479427
2023-02-23,151.4737836754294
2023-02-24,150.55785735824094
2023-02-27,149.75699066565187
2023-03-21,149.75699066565187
2023-03-22,149.96810777413333
2023-03-23,149.08083647234855
2023-03-24,149.0389288969487
2023-03-27,149.0056058128673
2023-03-28,149.7563046707122
2023-03-29,149.075393513847
2023-03-30,149.16521918796929
2023-03-31,149.8606123562401
2023-04-03,150.5671802053447
2023-04-26,150.5671802053447
2023-04-27,150.4089390685093
2023-04-28,150.81455429123412
2023-05-01,150.1967080346157
2023-05-02,149.83330398460083
2023-05-03,150.74406615886818
2023-05-04,150.33560732497006
2023-05-05,150.663847171873
2023-05-08,150.40045017788404
2023-05-09,150.10402984930866
2023-06-01,150.10402984930866
2023-06-02,150.54825944693178
2023-06-05,150.63915739779122
2023-06-06,150.55868032928004
2023-06-07,150.57402385890026
2023-06-08,150.56249503547411
2023-06-09,150.38840354566483
2023-06-12,150.47986304138854
2023-06-13,150.80837117160382
2023-06-14,150.96594078786399
2023-07-10,150.96594078786399
2023-07-11,150.5954766458307
2023-07-12,150.1668068546544
2023-07-13,150.4330159570317
2023-07-14,150.15173302354168
2023-07-17,150.37401679818643
2023-07-18,150.00903507762212
2023-07-19,149.73917001867085
2023-07-20,148.9786050037906
2023-07-21,149.1615236712441
2023-08-14,149.1615236712441
2023-08-15,148.90068765280049
2023-08-16,149.08866135882482
2023-08-17,149.2689790919004
2023-08-18,149.58908494359494
2023-08-21,149.89539630921516
2023-08-22,149.72512891895718
2023-08-23,149.65667312280155
2023-08-24,149.55809908632037
2023-08-25,149.88860980490327
2023-09-19,149.88860980490327
2023-09-20,149.92282624501044
2023-09-21,149.82746743701645
2023-09-22,150.16861014842436
2023-09-25,150.04613282445243
2023-09-26,150.18293402272377
2023-09-27,150.52425361918012
2023-09-28,150.16470096397023
2023-09-29,150.34447025346665
2023-10-02,150.15864743845046
2023-10-24,150.15864743845046
2023-10-25,149.4814146774291
2023-10-26,150.6000221101401
2023-10-27,149.56089609442162
2023-10-30,149.19843343869735
2023-10-31,149.2038802845402
2023-11-01,149.02382756744626
2023-11-02,148.53812707319304
2023-11-03,148.8182474256789
2023-11-06,149.0053792571132
2023-11-29,149.0053792571132
2023-11-30,148.89619049275169
2023-12-01,148.92097981900437
2023-12-04,148.6584538872943
2023-12-05,148.44474658988088
2023-12-06,148.50786719460078
2023-12-07,148.50382958271607
2023-12-08,148.3810106962555
2023-12-11,148.95024683203096
2023-12-12,148.81446238327823
2024-01-05,148.81446238327823
2024-01-08,148.13746917716725
2024-01-09,147.70852592800603
2024-01-10,147.59781002468833
2024-01-11,147.96239917034063
2024-01-12,147.4570254950455
2024-01-16,147.6813769924279
2024-01-17,148.1882234646711
2024-01-18,148.6670987388366
2024-01-19,148.7011932285137
2024-02-12,148.7011932285137
2024-02-13,149.10764217594627
2024-02-14,148.70976107416408
2024-02-15,148.72951681810054
2024-02-16,148.12226919079123
2024-02-20,149.71832716056628
2024-02-21,149.68467089170403
2024-02-22,149.44720381074626
2024-02-23,149.16808558379884
2024-02-26,149.42129982231063
2024-03-19,149.42129982231063
2024-03-20,150.1309944766201
2024-03-21,149.93357189836456
2024-03-22,149.91661330567536
2024-03-25,149.8127970192516
2024-03-26,149.7177762158169
2024-03-27,149.6992407713348
2024-03-28,150.1605460303096
2024-04-01,150.45721644517178
2024-04-02,150.09856964323998
2024-04-24,150.09856964323998
2024-04-25,150.0351436955117
2024-04-26,149.1387232613057
2024-04-29,149.11984108203868
2024-04-30,148.9948960741868
2024-05-01,148.82540849355166
2024-05-02,148.87683728878483
2024-05-03,148.98615573780762
2024-05-06,149.3526398712645
2024-05-07,149.6825073937427
2024-05-30,149.6825073937427
2024-05-31,149.3346110368404
2024-06-03,149.89114957922874
2024-06-04,149.55395309756588
2024-06-05,150.12327778986105
2024-06-06,149.98953771408225
2024-06-07,150.4771138956881
2024-06-10,150.99106078985034
2024-06-11,150.792290330188
2024-06-12,150.8922438002306
2024-07-08,150.8922438002306
2024-07-09,150.54998785271275
2024-07-10,151.29523638519024
2024-07-11,151.34647747129225
2024-07-12,151.49179142832563
2024-07-15,151.0270211822494
2024-07-16,151.24480191895546
2024-07-17,151.14060969723425
2024-07-18,151.16800587765923
2024-07-19,150.71743848669672
2024-08-12,150.71743848669672
2024-08-13,150.17805450772664
2024-08-14,150.38095504136874
2024-08-15,150.81410011928935
2024-08-16,150.02120225781204
2024-08-19,150.74638801973376
2024-08-20,150.1275856928062
2024-08-21,149.60649939611397
2024-08-22,149.19012089494757
2024-08-23,149.36486745290628
